"Sample_Source","LP_Type","Count","Total_Abundance","Abundance_Pct"
"LP","CF",21,10134190244.2782,0.104135329064009
"LP","CS",283,78774409486.6464,0.80945777175897
"LP","ITU",57,7201400639.79928,0.0739990277734002
"LP","LF",6,625324075.09686,0.00642560744985271
"LP","LS",6,582178992.89208,0.00598226395376774
